image_path,reference,infer,reference_tokens_jieba,infer_tokens_jieba,reference_tokens,infer_tokens,BLEU1,BLEU2,BLEU2s,BLEU3,BLEU3s,BLEU4,BLEU4s,METEOR,R-1R,R-1P,R-1F,R-2R,R-2P,R-2F,R-LR,R-LP,R-LF,jiebaB1,jiebaB2,jiebaB2s,jiebaB3,jiebaB3s,jiebaB4,jiebaB4s,jiebaM,jiebaR-1R,jiebaR-1P,jiebaR-1F,jiebaR-2R,jiebaR-2P,jiebaR-2F,jiebaR-LR,jiebaR-LP,jiebaR-LF,grs
D:\code\vit-gpt2\bigdata\geoimage_data\geo_1361.png,储层碎屑成分薄片特征,,,,,,,,,,,,,,,,,,,,,,,,,,,,,,,,,,,,,,,,
D:\code\vit-gpt2\bigdata\geoimage_data\geo_1870.png,杂岩的岩相学特征及剖面图,,,,,,,,,,,,,,,,,,,,,,,,,,,,,,,,,,,,,,,,
D:\code\vit-gpt2\bigdata\geoimage_data\geo_1664.png,变质沉积岩野外特征,,,,,,,,,,,,,,,,,,,,,,,,,,,,,,,,,,,,,,,,
D:\code\vit-gpt2\bigdata\geoimage_data\geo_1759.png,断裂岩显微结构特征样品,,,,,,,,,,,,,,,,,,,,,,,,,,,,,,,,,,,,,,,,
D:\code\vit-gpt2\bigdata\geoimage_data\geo_374.png,岩石偏光显微镜下照片,,,,,,,,,,,,,,,,,,,,,,,,,,,,,,,,,,,,,,,,
D:\code\vit-gpt2\bigdata\geoimage_data\geo_1620.png,杂岩体的野外照片和显微照片,,,,,,,,,,,,,,,,,,,,,,,,,,,,,,,,,,,,,,,,
D:\code\vit-gpt2\bigdata\geoimage_data\geo_1113.png,碳酸岩围岩的构造样式,,,,,,,,,,,,,,,,,,,,,,,,,,,,,,,,,,,,,,,,
D:\code\vit-gpt2\bigdata\geoimage_data\geo_1424.png,榴辉岩样品的岩相学特征,,,,,,,,,,,,,,,,,,,,,,,,,,,,,,,,,,,,,,,,
D:\code\vit-gpt2\bigdata\geoimage_data\geo_1263.png,闪锌矿矿石的手标本及镜下照片,,,,,,,,,,,,,,,,,,,,,,,,,,,,,,,,,,,,,,,,
D:\code\vit-gpt2\bigdata\geoimage_data\geo_307.png,花岗质浅色脉体阴极发光图像及定年结果,,,,,,,,,,,,,,,,,,,,,,,,,,,,,,,,,,,,,,,,
D:\code\vit-gpt2\bigdata\geoimage_data\geo_1452.png,样品岩心和显微结构照片,,,,,,,,,,,,,,,,,,,,,,,,,,,,,,,,,,,,,,,,
D:\code\vit-gpt2\bigdata\geoimage_data\geo_495.png,糜棱岩原岩的微观结构特征,,,,,,,,,,,,,,,,,,,,,,,,,,,,,,,,,,,,,,,,
D:\code\vit-gpt2\bigdata\geoimage_data\geo_1023.png,表性野外露头照片,,,,,,,,,,,,,,,,,,,,,,,,,,,,,,,,,,,,,,,,
D:\code\vit-gpt2\bigdata\geoimage_data\geo_838.png,主要岩性手标本及其对应镜下照片,,,,,,,,,,,,,,,,,,,,,,,,,,,,,,,,,,,,,,,,
D:\code\vit-gpt2\bigdata\geoimage_data\geo_543.png,杂岩体正交偏光显微照片,,,,,,,,,,,,,,,,,,,,,,,,,,,,,,,,,,,,,,,,
D:\code\vit-gpt2\bigdata\geoimage_data\geo_1743.png,淡色花岗岩野外露头和显微照片,,,,,,,,,,,,,,,,,,,,,,,,,,,,,,,,,,,,,,,,
D:\code\vit-gpt2\bigdata\geoimage_data\geo_69.png,铬铁矿矿石特征,,,,,,,,,,,,,,,,,,,,,,,,,,,,,,,,,,,,,,,,
D:\code\vit-gpt2\bigdata\geoimage_data\geo_383.png,流纹斑岩和花岗斑岩的正交偏光镜下照片,,,,,,,,,,,,,,,,,,,,,,,,,,,,,,,,,,,,,,,,
D:\code\vit-gpt2\bigdata\geoimage_data\geo_1007.png,滑来岩块组构特征,,,,,,,,,,,,,,,,,,,,,,,,,,,,,,,,,,,,,,,,
D:\code\vit-gpt2\bigdata\geoimage_data\geo_135.png,黑钨矿石英细脉的照片,,,,,,,,,,,,,,,,,,,,,,,,,,,,,,,,,,,,,,,,
D:\code\vit-gpt2\bigdata\geoimage_data\geo_930.png,岩体和月牙湾岩体与围岩接触关系,,,,,,,,,,,,,,,,,,,,,,,,,,,,,,,,,,,,,,,,
D:\code\vit-gpt2\bigdata\geoimage_data\geo_99.png,石英二长闪长岩的锆石阴极发光图像,,,,,,,,,,,,,,,,,,,,,,,,,,,,,,,,,,,,,,,,
D:\code\vit-gpt2\bigdata\geoimage_data\geo_1027.png,侵入岩的镜下特征,,,,,,,,,,,,,,,,,,,,,,,,,,,,,,,,,,,,,,,,
D:\code\vit-gpt2\bigdata\geoimage_data\geo_881.png,样品的野外和微观特征,,,,,,,,,,,,,,,,,,,,,,,,,,,,,,,,,,,,,,,,
D:\code\vit-gpt2\bigdata\geoimage_data\geo_1286.png,白云石化作用与压溶作用关系,,,,,,,,,,,,,,,,,,,,,,,,,,,,,,,,,,,,,,,,
D:\code\vit-gpt2\bigdata\geoimage_data\geo_785.png,主要基岩岩心照片,,,,,,,,,,,,,,,,,,,,,,,,,,,,,,,,,,,,,,,,
D:\code\vit-gpt2\bigdata\geoimage_data\geo_251.png,岩浆期矿石的显微岩相特征,,,,,,,,,,,,,,,,,,,,,,,,,,,,,,,,,,,,,,,,
D:\code\vit-gpt2\bigdata\geoimage_data\geo_426.png,表分析点位,,,,,,,,,,,,,,,,,,,,,,,,,,,,,,,,,,,,,,,,
D:\code\vit-gpt2\bigdata\geoimage_data\geo_275.png,样品的标本及显微镜下照片,,,,,,,,,,,,,,,,,,,,,,,,,,,,,,,,,,,,,,,,
D:\code\vit-gpt2\bigdata\geoimage_data\geo_56.png,长英质副片麻岩锆石的图像,,,,,,,,,,,,,,,,,,,,,,,,,,,,,,,,,,,,,,,,
D:\code\vit-gpt2\bigdata\geoimage_data\geo_1808.png,热液金刚石压腔样品的照片,,,,,,,,,,,,,,,,,,,,,,,,,,,,,,,,,,,,,,,,
D:\code\vit-gpt2\bigdata\geoimage_data\geo_1746.png,辉长岩样品的镜下特征,,,,,,,,,,,,,,,,,,,,,,,,,,,,,,,,,,,,,,,,
D:\code\vit-gpt2\bigdata\geoimage_data\geo_1258.png,伟晶岩的野外露头照片,,,,,,,,,,,,,,,,,,,,,,,,,,,,,,,,,,,,,,,,
D:\code\vit-gpt2\bigdata\geoimage_data\geo_188.png,地表破裂带特征,,,,,,,,,,,,,,,,,,,,,,,,,,,,,,,,,,,,,,,,
D:\code\vit-gpt2\bigdata\geoimage_data\geo_914.png,杂岩体岩相学特征,,,,,,,,,,,,,,,,,,,,,,,,,,,,,,,,,,,,,,,,
D:\code\vit-gpt2\bigdata\geoimage_data\geo_1211.png,金矿石中晚期黑云母石榴石产出特征,,,,,,,,,,,,,,,,,,,,,,,,,,,,,,,,,,,,,,,,
D:\code\vit-gpt2\bigdata\geoimage_data\geo_111.png,岩体中的绿泥石成分,,,,,,,,,,,,,,,,,,,,,,,,,,,,,,,,,,,,,,,,
D:\code\vit-gpt2\bigdata\geoimage_data\geo_231.png,银矿物背散射照片,,,,,,,,,,,,,,,,,,,,,,,,,,,,,,,,,,,,,,,,
D:\code\vit-gpt2\bigdata\geoimage_data\geo_988.png,富球粒的背散射电子照片,,,,,,,,,,,,,,,,,,,,,,,,,,,,,,,,,,,,,,,,
D:\code\vit-gpt2\bigdata\geoimage_data\geo_1799.png,碎屑岩的锆石阴极发光图像,,,,,,,,,,,,,,,,,,,,,,,,,,,,,,,,,,,,,,,,
D:\code\vit-gpt2\bigdata\geoimage_data\geo_1532.png,云英岩型矿体锡石中流体包裹体,,,,,,,,,,,,,,,,,,,,,,,,,,,,,,,,,,,,,,,,
D:\code\vit-gpt2\bigdata\geoimage_data\geo_986.png,月壤颗粒二次电子图像,,,,,,,,,,,,,,,,,,,,,,,,,,,,,,,,,,,,,,,,
D:\code\vit-gpt2\bigdata\geoimage_data\geo_70.png,橄榄岩的显微照片,,,,,,,,,,,,,,,,,,,,,,,,,,,,,,,,,,,,,,,,
D:\code\vit-gpt2\bigdata\geoimage_data\geo_1084.png,赋矿围岩与闪锌矿黄铜矿球粒,,,,,,,,,,,,,,,,,,,,,,,,,,,,,,,,,,,,,,,,
D:\code\vit-gpt2\bigdata\geoimage_data\geo_1384.png,表性样品的野外及显微镜下照片,,,,,,,,,,,,,,,,,,,,,,,,,,,,,,,,,,,,,,,,
D:\code\vit-gpt2\bigdata\geoimage_data\geo_678.png,野外地质特征,,,,,,,,,,,,,,,,,,,,,,,,,,,,,,,,,,,,,,,,
D:\code\vit-gpt2\bigdata\geoimage_data\geo_1181.png,岩浆岩的宏观和显微特征,,,,,,,,,,,,,,,,,,,,,,,,,,,,,,,,,,,,,,,,
D:\code\vit-gpt2\bigdata\geoimage_data\geo_937.png,遥感花岗岩体和伟晶岩脉分布图,,,,,,,,,,,,,,,,,,,,,,,,,,,,,,,,,,,,,,,,
D:\code\vit-gpt2\bigdata\geoimage_data\geo_1729.png,片麻岩的野外露头照片,,,,,,,,,,,,,,,,,,,,,,,,,,,,,,,,,,,,,,,,
D:\code\vit-gpt2\bigdata\geoimage_data\geo_1898.png,砂泥岩的野外照片与显微照片,,,,,,,,,,,,,,,,,,,,,,,,,,,,,,,,,,,,,,,,
D:\code\vit-gpt2\bigdata\geoimage_data\geo_1728.png,段花岗岩类镜下照片,,,,,,,,,,,,,,,,,,,,,,,,,,,,,,,,,,,,,,,,
D:\code\vit-gpt2\bigdata\geoimage_data\geo_1718.png,石榴黑云石英片岩显微岩相特征,,,,,,,,,,,,,,,,,,,,,,,,,,,,,,,,,,,,,,,,
D:\code\vit-gpt2\bigdata\geoimage_data\geo_1516.png,榴辉岩中发育的退变反应结构,,,,,,,,,,,,,,,,,,,,,,,,,,,,,,,,,,,,,,,,
D:\code\vit-gpt2\bigdata\geoimage_data\geo_1821.png,块状矿石和海绵陨铁矿石,,,,,,,,,,,,,,,,,,,,,,,,,,,,,,,,,,,,,,,,
D:\code\vit-gpt2\bigdata\geoimage_data\geo_1832.png,矿石主要类型及辉钼矿特征,,,,,,,,,,,,,,,,,,,,,,,,,,,,,,,,,,,,,,,,
D:\code\vit-gpt2\bigdata\geoimage_data\geo_1196.png,花岗岩相关的锂矿化作用,,,,,,,,,,,,,,,,,,,,,,,,,,,,,,,,,,,,,,,,
D:\code\vit-gpt2\bigdata\geoimage_data\geo_757.png,锆石阴极发光照片,,,,,,,,,,,,,,,,,,,,,,,,,,,,,,,,,,,,,,,,
D:\code\vit-gpt2\bigdata\geoimage_data\geo_494.png,带方辉橄榄岩的显微构造照片,,,,,,,,,,,,,,,,,,,,,,,,,,,,,,,,,,,,,,,,
D:\code\vit-gpt2\bigdata\geoimage_data\geo_529.png,羟硅铍石萤石的镜下特征,,,,,,,,,,,,,,,,,,,,,,,,,,,,,,,,,,,,,,,,
D:\code\vit-gpt2\bigdata\geoimage_data\geo_952.png,典型矿石构造照片,,,,,,,,,,,,,,,,,,,,,,,,,,,,,,,,,,,,,,,,
D:\code\vit-gpt2\bigdata\geoimage_data\geo_1054.png,沉积岩野外及镜下照片,,,,,,,,,,,,,,,,,,,,,,,,,,,,,,,,,,,,,,,,
D:\code\vit-gpt2\bigdata\geoimage_data\geo_1468.png,岩浆岩的野外特征,,,,,,,,,,,,,,,,,,,,,,,,,,,,,,,,,,,,,,,,
D:\code\vit-gpt2\bigdata\geoimage_data\geo_1358.png,样品的正交偏光镜下显微特征,,,,,,,,,,,,,,,,,,,,,,,,,,,,,,,,,,,,,,,,
D:\code\vit-gpt2\bigdata\geoimage_data\geo_1313.png,表性碎屑锆石图像及年龄,,,,,,,,,,,,,,,,,,,,,,,,,,,,,,,,,,,,,,,,
D:\code\vit-gpt2\bigdata\geoimage_data\geo_782.png,砂岩石英次生加大镜下特征,,,,,,,,,,,,,,,,,,,,,,,,,,,,,,,,,,,,,,,,
D:\code\vit-gpt2\bigdata\geoimage_data\geo_1480.png,辉长岩的锆石阴极发光图像,,,,,,,,,,,,,,,,,,,,,,,,,,,,,,,,,,,,,,,,
D:\code\vit-gpt2\bigdata\geoimage_data\geo_727.png,岩体中暗色微粒包体的野外露头特征,,,,,,,,,,,,,,,,,,,,,,,,,,,,,,,,,,,,,,,,
D:\code\vit-gpt2\bigdata\geoimage_data\geo_1644.png,花岗岩野外露头和显微镜下照片,,,,,,,,,,,,,,,,,,,,,,,,,,,,,,,,,,,,,,,,
D:\code\vit-gpt2\bigdata\geoimage_data\geo_254.png,热液成矿期矿石特征,,,,,,,,,,,,,,,,,,,,,,,,,,,,,,,,,,,,,,,,
D:\code\vit-gpt2\bigdata\geoimage_data\geo_1761.png,扫描电镜下假玄武玻璃微观构造特征,,,,,,,,,,,,,,,,,,,,,,,,,,,,,,,,,,,,,,,,
D:\code\vit-gpt2\bigdata\geoimage_data\geo_1771.png,波辉绿岩脉的显微特征,,,,,,,,,,,,,,,,,,,,,,,,,,,,,,,,,,,,,,,,
D:\code\vit-gpt2\bigdata\geoimage_data\geo_211.png,辉钼矿的产出特征,,,,,,,,,,,,,,,,,,,,,,,,,,,,,,,,,,,,,,,,
D:\code\vit-gpt2\bigdata\geoimage_data\geo_1185.png,岩石的手标本照片以及镜下岩相学特征,,,,,,,,,,,,,,,,,,,,,,,,,,,,,,,,,,,,,,,,
D:\code\vit-gpt2\bigdata\geoimage_data\geo_120.png,榴辉岩中条带状和褶皱状箭头所指的石英脉,,,,,,,,,,,,,,,,,,,,,,,,,,,,,,,,,,,,,,,,
D:\code\vit-gpt2\bigdata\geoimage_data\geo_978.png,绿帘石的样品手标本及显微照片,,,,,,,,,,,,,,,,,,,,,,,,,,,,,,,,,,,,,,,,
D:\code\vit-gpt2\bigdata\geoimage_data\geo_1694.png,样品的野外及镜下照片,,,,,,,,,,,,,,,,,,,,,,,,,,,,,,,,,,,,,,,,
D:\code\vit-gpt2\bigdata\geoimage_data\geo_210.png,马位松多含矿岩体锆石图,,,,,,,,,,,,,,,,,,,,,,,,,,,,,,,,,,,,,,,,
D:\code\vit-gpt2\bigdata\geoimage_data\geo_620.png,剖面地层序列,,,,,,,,,,,,,,,,,,,,,,,,,,,,,,,,,,,,,,,,
D:\code\vit-gpt2\bigdata\geoimage_data\geo_1401.png,铜矿钾硅酸盐化蚀变矿物显微照片,,,,,,,,,,,,,,,,,,,,,,,,,,,,,,,,,,,,,,,,
D:\code\vit-gpt2\bigdata\geoimage_data\geo_239.png,岩墙群的地质学特征,,,,,,,,,,,,,,,,,,,,,,,,,,,,,,,,,,,,,,,,
D:\code\vit-gpt2\bigdata\geoimage_data\geo_764.png,表性锆石图像,,,,,,,,,,,,,,,,,,,,,,,,,,,,,,,,,,,,,,,,
D:\code\vit-gpt2\bigdata\geoimage_data\geo_1656.png,宿主辉石角闪岩和铁矿石样品的锆石图像,,,,,,,,,,,,,,,,,,,,,,,,,,,,,,,,,,,,,,,,
D:\code\vit-gpt2\bigdata\geoimage_data\geo_1080.png,石榴角闪岩的野外露头特征,,,,,,,,,,,,,,,,,,,,,,,,,,,,,,,,,,,,,,,,
D:\code\vit-gpt2\bigdata\geoimage_data\geo_736.png,矿化特征,,,,,,,,,,,,,,,,,,,,,,,,,,,,,,,,,,,,,,,,
D:\code\vit-gpt2\bigdata\geoimage_data\geo_1005.png,碳酸盐岩滑塌堆积沉积模式图,,,,,,,,,,,,,,,,,,,,,,,,,,,,,,,,,,,,,,,,
D:\code\vit-gpt2\bigdata\geoimage_data\geo_1356.png,金矿的矿化特征显微照片,,,,,,,,,,,,,,,,,,,,,,,,,,,,,,,,,,,,,,,,
D:\code\vit-gpt2\bigdata\geoimage_data\geo_352.png,枕状熔岩及直立的镁铁质岩床,,,,,,,,,,,,,,,,,,,,,,,,,,,,,,,,,,,,,,,,
D:\code\vit-gpt2\bigdata\geoimage_data\geo_353.png,镁铁质岩超镁铁质岩的显微照片,,,,,,,,,,,,,,,,,,,,,,,,,,,,,,,,,,,,,,,,
D:\code\vit-gpt2\bigdata\geoimage_data\geo_1843.png,矿物的镜下特征,,,,,,,,,,,,,,,,,,,,,,,,,,,,,,,,,,,,,,,,
D:\code\vit-gpt2\bigdata\geoimage_data\geo_910.png,铀赋存形式图像,,,,,,,,,,,,,,,,,,,,,,,,,,,,,,,,,,,,,,,,
D:\code\vit-gpt2\bigdata\geoimage_data\geo_810.png,脉岩的野外产状与岩相学特征图,,,,,,,,,,,,,,,,,,,,,,,,,,,,,,,,,,,,,,,,
D:\code\vit-gpt2\bigdata\geoimage_data\geo_963.png,矿石构造手标本和显微照片,,,,,,,,,,,,,,,,,,,,,,,,,,,,,,,,,,,,,,,,
D:\code\vit-gpt2\bigdata\geoimage_data\geo_1040.png,各种形态的组构,,,,,,,,,,,,,,,,,,,,,,,,,,,,,,,,,,,,,,,,
D:\code\vit-gpt2\bigdata\geoimage_data\geo_1383.png,沉积岩及侵入岩的野外照片及镜下岩相学特征,,,,,,,,,,,,,,,,,,,,,,,,,,,,,,,,,,,,,,,,
D:\code\vit-gpt2\bigdata\geoimage_data\geo_65.png,泥晶微晶白云岩的照片,,,,,,,,,,,,,,,,,,,,,,,,,,,,,,,,,,,,,,,,
D:\code\vit-gpt2\bigdata\geoimage_data\geo_196.png,铬铁矿和橄榄石的显微照片,,,,,,,,,,,,,,,,,,,,,,,,,,,,,,,,,,,,,,,,
D:\code\vit-gpt2\bigdata\geoimage_data\geo_1740.png,镜下岩相学特征照片,,,,,,,,,,,,,,,,,,,,,,,,,,,,,,,,,,,,,,,,
D:\code\vit-gpt2\bigdata\geoimage_data\geo_1316.png,碱长花岗岩手标本照片和正交偏光镜下照片,,,,,,,,,,,,,,,,,,,,,,,,,,,,,,,,,,,,,,,,
D:\code\vit-gpt2\bigdata\geoimage_data\geo_765.png,铀矿物手标本和显微照片,,,,,,,,,,,,,,,,,,,,,,,,,,,,,,,,,,,,,,,,
D:\code\vit-gpt2\bigdata\geoimage_data\geo_29.png,蛇绿混杂岩带的照片,,,,,,,,,,,,,,,,,,,,,,,,,,,,,,,,,,,,,,,,
D:\code\vit-gpt2\bigdata\geoimage_data\geo_1503.png,矽卡岩野外及镜下照片,,,,,,,,,,,,,,,,,,,,,,,,,,,,,,,,,,,,,,,,
D:\code\vit-gpt2\bigdata\geoimage_data\geo_611.png,表性样品显微图像,,,,,,,,,,,,,,,,,,,,,,,,,,,,,,,,,,,,,,,,
D:\code\vit-gpt2\bigdata\geoimage_data\geo_1058.png,锆石阴极发光图像,,,,,,,,,,,,,,,,,,,,,,,,,,,,,,,,,,,,,,,,
D:\code\vit-gpt2\bigdata\geoimage_data\geo_1632.png,镜下特征,,,,,,,,,,,,,,,,,,,,,,,,,,,,,,,,,,,,,,,,
D:\code\vit-gpt2\bigdata\geoimage_data\geo_818.png,样品显微照片,,,,,,,,,,,,,,,,,,,,,,,,,,,,,,,,,,,,,,,,
D:\code\vit-gpt2\bigdata\geoimage_data\geo_741.png,研究区基性岩样品野外及镜下照片,,,,,,,,,,,,,,,,,,,,,,,,,,,,,,,,,,,,,,,,
D:\code\vit-gpt2\bigdata\geoimage_data\geo_305.png,片麻岩中锆石的阴极发光图像,,,,,,,,,,,,,,,,,,,,,,,,,,,,,,,,,,,,,,,,
D:\code\vit-gpt2\bigdata\geoimage_data\geo_1639.png,典型矿石样品蚀变矿化显微镜下照片,,,,,,,,,,,,,,,,,,,,,,,,,,,,,,,,,,,,,,,,
D:\code\vit-gpt2\bigdata\geoimage_data\geo_128.png,层状矿石的照片,,,,,,,,,,,,,,,,,,,,,,,,,,,,,,,,,,,,,,,,
D:\code\vit-gpt2\bigdata\geoimage_data\geo_354.png,辉长岩中锆石的阴极发光照片,,,,,,,,,,,,,,,,,,,,,,,,,,,,,,,,,,,,,,,,
D:\code\vit-gpt2\bigdata\geoimage_data\geo_1646.png,玲珑岩体的野外露头特征,,,,,,,,,,,,,,,,,,,,,,,,,,,,,,,,,,,,,,,,
D:\code\vit-gpt2\bigdata\geoimage_data\geo_1787.png,白音花花岗岩矿物组成和结构,,,,,,,,,,,,,,,,,,,,,,,,,,,,,,,,,,,,,,,,
D:\code\vit-gpt2\bigdata\geoimage_data\geo_707.png,锆石谐和图,,,,,,,,,,,,,,,,,,,,,,,,,,,,,,,,,,,,,,,,
D:\code\vit-gpt2\bigdata\geoimage_data\geo_1228.png,矿体的矿石组构特征和英安岩特征,,,,,,,,,,,,,,,,,,,,,,,,,,,,,,,,,,,,,,,,
D:\code\vit-gpt2\bigdata\geoimage_data\geo_1557.png,不同类型矿石样品手标本及显微照片,,,,,,,,,,,,,,,,,,,,,,,,,,,,,,,,,,,,,,,,
D:\code\vit-gpt2\bigdata\geoimage_data\geo_862.png,地块构造变形特征,,,,,,,,,,,,,,,,,,,,,,,,,,,,,,,,,,,,,,,,
D:\code\vit-gpt2\bigdata\geoimage_data\geo_596.png,斜长角闪岩锆石阴极发光图像,,,,,,,,,,,,,,,,,,,,,,,,,,,,,,,,,,,,,,,,
D:\code\vit-gpt2\bigdata\geoimage_data\geo_1317.png,表性手标本和显微镜下照片,,,,,,,,,,,,,,,,,,,,,,,,,,,,,,,,,,,,,,,,
D:\code\vit-gpt2\bigdata\geoimage_data\geo_438.png,金矿照片,,,,,,,,,,,,,,,,,,,,,,,,,,,,,,,,,,,,,,,,
D:\code\vit-gpt2\bigdata\geoimage_data\geo_567.png,典型围岩蚀变与矿化,,,,,,,,,,,,,,,,,,,,,,,,,,,,,,,,,,,,,,,,
D:\code\vit-gpt2\bigdata\geoimage_data\geo_507.png,辉长岩显微照片,,,,,,,,,,,,,,,,,,,,,,,,,,,,,,,,,,,,,,,,
D:\code\vit-gpt2\bigdata\geoimage_data\geo_1278.png,岩野外露头和显微结构照片,,,,,,,,,,,,,,,,,,,,,,,,,,,,,,,,,,,,,,,,
D:\code\vit-gpt2\bigdata\geoimage_data\geo_1833.png,黑石岗岩体中锆石阴极发光图像,,,,,,,,,,,,,,,,,,,,,,,,,,,,,,,,,,,,,,,,
D:\code\vit-gpt2\bigdata\geoimage_data\geo_544.png,段露头尺度构造特征,,,,,,,,,,,,,,,,,,,,,,,,,,,,,,,,,,,,,,,,
D:\code\vit-gpt2\bigdata\geoimage_data\geo_316.png,岩浆岩显微照片,,,,,,,,,,,,,,,,,,,,,,,,,,,,,,,,,,,,,,,,
D:\code\vit-gpt2\bigdata\geoimage_data\geo_1613.png,矿石镜下照片,,,,,,,,,,,,,,,,,,,,,,,,,,,,,,,,,,,,,,,,
D:\code\vit-gpt2\bigdata\geoimage_data\geo_526.png,煌斑岩的手标本及镜下照片,,,,,,,,,,,,,,,,,,,,,,,,,,,,,,,,,,,,,,,,
D:\code\vit-gpt2\bigdata\geoimage_data\geo_1576.png,野外露头及不同类型岩石,,,,,,,,,,,,,,,,,,,,,,,,,,,,,,,,,,,,,,,,
D:\code\vit-gpt2\bigdata\geoimage_data\geo_940.png,遥感影像图和地质解译,,,,,,,,,,,,,,,,,,,,,,,,,,,,,,,,,,,,,,,,
D:\code\vit-gpt2\bigdata\geoimage_data\geo_628.png,表性锆石阴极发光影像,,,,,,,,,,,,,,,,,,,,,,,,,,,,,,,,,,,,,,,,
D:\code\vit-gpt2\bigdata\geoimage_data\geo_1891.png,花岗岩的野外产状及镜下照片,,,,,,,,,,,,,,,,,,,,,,,,,,,,,,,,,,,,,,,,
D:\code\vit-gpt2\bigdata\geoimage_data\geo_1068.png,岩体的锆石照片,,,,,,,,,,,,,,,,,,,,,,,,,,,,,,,,,,,,,,,,
D:\code\vit-gpt2\bigdata\geoimage_data\geo_1067.png,花岗岩的镜下特征,,,,,,,,,,,,,,,,,,,,,,,,,,,,,,,,,,,,,,,,
D:\code\vit-gpt2\bigdata\geoimage_data\geo_109.png,岩体黑云母,,,,,,,,,,,,,,,,,,,,,,,,,,,,,,,,,,,,,,,,
D:\code\vit-gpt2\bigdata\geoimage_data\geo_598.png,花岗岩的宏观组构特征,,,,,,,,,,,,,,,,,,,,,,,,,,,,,,,,,,,,,,,,
D:\code\vit-gpt2\bigdata\geoimage_data\geo_1428.png,花岗岩的野外及镜下照片,,,,,,,,,,,,,,,,,,,,,,,,,,,,,,,,,,,,,,,,
D:\code\vit-gpt2\bigdata\geoimage_data\geo_759.png,增生杂岩露头典型照片,,,,,,,,,,,,,,,,,,,,,,,,,,,,,,,,,,,,,,,,
D:\code\vit-gpt2\bigdata\geoimage_data\geo_1242.png,变质辉长岩样品的锆石阴极发光图像,,,,,,,,,,,,,,,,,,,,,,,,,,,,,,,,,,,,,,,,
D:\code\vit-gpt2\bigdata\geoimage_data\geo_1652.png,自然金共生碲化物元素扫面图,,,,,,,,,,,,,,,,,,,,,,,,,,,,,,,,,,,,,,,,
D:\code\vit-gpt2\bigdata\geoimage_data\geo_382.png,不同岩石单元岩石薄片的显微镜下照片,,,,,,,,,,,,,,,,,,,,,,,,,,,,,,,,,,,,,,,,
D:\code\vit-gpt2\bigdata\geoimage_data\geo_1670.png,片麻岩穹窿内花岗片麻岩的显微照片,,,,,,,,,,,,,,,,,,,,,,,,,,,,,,,,,,,,,,,,
D:\code\vit-gpt2\bigdata\geoimage_data\geo_942.png,含矿矽卡岩产出特征与结构构造,,,,,,,,,,,,,,,,,,,,,,,,,,,,,,,,,,,,,,,,
D:\code\vit-gpt2\bigdata\geoimage_data\geo_1896.png,辉长岩包体和矿物聚晶的显微结构,,,,,,,,,,,,,,,,,,,,,,,,,,,,,,,,,,,,,,,,
D:\code\vit-gpt2\bigdata\geoimage_data\geo_1304.png,碳酸岩样品的扫描电镜照片,,,,,,,,,,,,,,,,,,,,,,,,,,,,,,,,,,,,,,,,
D:\code\vit-gpt2\bigdata\geoimage_data\geo_1210.png,构造面理特征,,,,,,,,,,,,,,,,,,,,,,,,,,,,,,,,,,,,,,,,
D:\code\vit-gpt2\bigdata\geoimage_data\geo_614.png,岩石的野外照片,,,,,,,,,,,,,,,,,,,,,,,,,,,,,,,,,,,,,,,,
D:\code\vit-gpt2\bigdata\geoimage_data\geo_1402.png,铜矿青磐岩化及绢英岩化蚀变矿物显微照片,,,,,,,,,,,,,,,,,,,,,,,,,,,,,,,,,,,,,,,,
D:\code\vit-gpt2\bigdata\geoimage_data\geo_743.png,杂岩的野外和镜下特征,,,,,,,,,,,,,,,,,,,,,,,,,,,,,,,,,,,,,,,,
D:\code\vit-gpt2\bigdata\geoimage_data\geo_792.png,碳酸盐岩储层段均方根振幅属性分析图,,,,,,,,,,,,,,,,,,,,,,,,,,,,,,,,,,,,,,,,
D:\code\vit-gpt2\bigdata\geoimage_data\geo_427.png,矿化特征镜下照片,,,,,,,,,,,,,,,,,,,,,,,,,,,,,,,,,,,,,,,,
D:\code\vit-gpt2\bigdata\geoimage_data\geo_570.png,岩体锆石图像,,,,,,,,,,,,,,,,,,,,,,,,,,,,,,,,,,,,,,,,
D:\code\vit-gpt2\bigdata\geoimage_data\geo_270.png,野外的照片,,,,,,,,,,,,,,,,,,,,,,,,,,,,,,,,,,,,,,,,
D:\code\vit-gpt2\bigdata\geoimage_data\geo_618.png,似斑状花岗岩和中锆石的阴极发光图像,,,,,,,,,,,,,,,,,,,,,,,,,,,,,,,,,,,,,,,,
D:\code\vit-gpt2\bigdata\geoimage_data\geo_1625.png,表性金属矿物背散射照片,,,,,,,,,,,,,,,,,,,,,,,,,,,,,,,,,,,,,,,,
D:\code\vit-gpt2\bigdata\geoimage_data\geo_1947.png,变形斜长角闪岩野,,,,,,,,,,,,,,,,,,,,,,,,,,,,,,,,,,,,,,,,
D:\code\vit-gpt2\bigdata\geoimage_data\geo_1259.png,伟晶岩的典型样品照片,,,,,,,,,,,,,,,,,,,,,,,,,,,,,,,,,,,,,,,,
D:\code\vit-gpt2\bigdata\geoimage_data\geo_943.png,含矿矽卡岩结构构造,,,,,,,,,,,,,,,,,,,,,,,,,,,,,,,,,,,,,,,,
D:\code\vit-gpt2\bigdata\geoimage_data\geo_756.png,侵入杂岩体的镜下特征,,,,,,,,,,,,,,,,,,,,,,,,,,,,,,,,,,,,,,,,
D:\code\vit-gpt2\bigdata\geoimage_data\geo_1934.png,蛇纹石片岩基质中包卷的枕状玄武岩,,,,,,,,,,,,,,,,,,,,,,,,,,,,,,,,,,,,,,,,
D:\code\vit-gpt2\bigdata\geoimage_data\geo_237.png,碲金矿和产状及其共生关系图,,,,,,,,,,,,,,,,,,,,,,,,,,,,,,,,,,,,,,,,
D:\code\vit-gpt2\bigdata\geoimage_data\geo_1760.png,断裂岩显微构造样品,,,,,,,,,,,,,,,,,,,,,,,,,,,,,,,,,,,,,,,,
D:\code\vit-gpt2\bigdata\geoimage_data\geo_220.png,白云化作用的产物和演化过程图谱,,,,,,,,,,,,,,,,,,,,,,,,,,,,,,,,,,,,,,,,
D:\code\vit-gpt2\bigdata\geoimage_data\geo_745.png,典型流纹质岩石岩相照片,,,,,,,,,,,,,,,,,,,,,,,,,,,,,,,,,,,,,,,,
D:\code\vit-gpt2\bigdata\geoimage_data\geo_1353.png,辉绿岩的野外和镜下显微照片,,,,,,,,,,,,,,,,,,,,,,,,,,,,,,,,,,,,,,,,
D:\code\vit-gpt2\bigdata\geoimage_data\geo_1083.png,花岗岩野外和显微照片,,,,,,,,,,,,,,,,,,,,,,,,,,,,,,,,,,,,,,,,
D:\code\vit-gpt2\bigdata\geoimage_data\geo_1511.png,辉绿岩脉锆石阴极发光图,,,,,,,,,,,,,,,,,,,,,,,,,,,,,,,,,,,,,,,,
D:\code\vit-gpt2\bigdata\geoimage_data\geo_630.png,硅质岩蚀变围岩和矿石岩相学对比,,,,,,,,,,,,,,,,,,,,,,,,,,,,,,,,,,,,,,,,
D:\code\vit-gpt2\bigdata\geoimage_data\geo_1403.png,方解石脉的体野外宏观构造特征及采样位置,,,,,,,,,,,,,,,,,,,,,,,,,,,,,,,,,,,,,,,,
D:\code\vit-gpt2\bigdata\geoimage_data\geo_256.png,花岗岩的显微镜下特征,,,,,,,,,,,,,,,,,,,,,,,,,,,,,,,,,,,,,,,,
D:\code\vit-gpt2\bigdata\geoimage_data\geo_351.png,构造样式的照片,,,,,,,,,,,,,,,,,,,,,,,,,,,,,,,,,,,,,,,,
D:\code\vit-gpt2\bigdata\geoimage_data\geo_1703.png,橄榄岩的野外露头照片,,,,,,,,,,,,,,,,,,,,,,,,,,,,,,,,,,,,,,,,
D:\code\vit-gpt2\bigdata\geoimage_data\geo_247.png,岩体的特征,,,,,,,,,,,,,,,,,,,,,,,,,,,,,,,,,,,,,,,,
D:\code\vit-gpt2\bigdata\geoimage_data\geo_23.png,野外流纹岩的照片,,,,,,,,,,,,,,,,,,,,,,,,,,,,,,,,,,,,,,,,
D:\code\vit-gpt2\bigdata\geoimage_data\geo_1679.png,花岗片麻岩和淡色花岗岩显微照片,,,,,,,,,,,,,,,,,,,,,,,,,,,,,,,,,,,,,,,,
D:\code\vit-gpt2\bigdata\geoimage_data\geo_63.png,岩相特征的图像,,,,,,,,,,,,,,,,,,,,,,,,,,,,,,,,,,,,,,,,
D:\code\vit-gpt2\bigdata\geoimage_data\geo_1280.png,水平层状的智利侵入体据,,,,,,,,,,,,,,,,,,,,,,,,,,,,,,,,,,,,,,,,
D:\code\vit-gpt2\bigdata\geoimage_data\geo_1229.png,英安岩中锆石图像,,,,,,,,,,,,,,,,,,,,,,,,,,,,,,,,,,,,,,,,
D:\code\vit-gpt2\bigdata\geoimage_data\geo_1780.png,外带石英脉型黑钨矿白钨矿矿体特征照片,,,,,,,,,,,,,,,,,,,,,,,,,,,,,,,,,,,,,,,,
D:\code\vit-gpt2\bigdata\geoimage_data\geo_1111.png,碳酸岩的野外照片,,,,,,,,,,,,,,,,,,,,,,,,,,,,,,,,,,,,,,,,
D:\code\vit-gpt2\bigdata\geoimage_data\geo_1564.png,地层特征和典型沉积构造野外照片,,,,,,,,,,,,,,,,,,,,,,,,,,,,,,,,,,,,,,,,
D:\code\vit-gpt2\bigdata\geoimage_data\geo_538.png,岩体锆石阴极发光图像和年龄值,,,,,,,,,,,,,,,,,,,,,,,,,,,,,,,,,,,,,,,,
D:\code\vit-gpt2\bigdata\geoimage_data\geo_1423.png,岩石的野外与镜下照片,,,,,,,,,,,,,,,,,,,,,,,,,,,,,,,,,,,,,,,,
D:\code\vit-gpt2\bigdata\geoimage_data\geo_1688.png,侵入杂岩体的野外照片和显微照片,,,,,,,,,,,,,,,,,,,,,,,,,,,,,,,,,,,,,,,,
D:\code\vit-gpt2\bigdata\geoimage_data\geo_555.png,不整合型构造典型地质照片,,,,,,,,,,,,,,,,,,,,,,,,,,,,,,,,,,,,,,,,
D:\code\vit-gpt2\bigdata\geoimage_data\geo_964.png,矿石结构和主要组成矿物显微照片,,,,,,,,,,,,,,,,,,,,,,,,,,,,,,,,,,,,,,,,
D:\code\vit-gpt2\bigdata\geoimage_data\geo_1781.png,黑钨矿与白钨矿共生特征照片,,,,,,,,,,,,,,,,,,,,,,,,,,,,,,,,,,,,,,,,
D:\code\vit-gpt2\bigdata\geoimage_data\geo_907.png,碱性铀矿化与铅锌银矿化叠加特征,,,,,,,,,,,,,,,,,,,,,,,,,,,,,,,,,,,,,,,,
D:\code\vit-gpt2\bigdata\geoimage_data\geo_100.png,花岗闪长岩的锆石阴极发光图像,,,,,,,,,,,,,,,,,,,,,,,,,,,,,,,,,,,,,,,,
D:\code\vit-gpt2\bigdata\geoimage_data\geo_1537.png,花岗闪长斑岩正交偏光显微照片,,,,,,,,,,,,,,,,,,,,,,,,,,,,,,,,,,,,,,,,
D:\code\vit-gpt2\bigdata\geoimage_data\geo_1895.png,杂岩的宏观构造现象,,,,,,,,,,,,,,,,,,,,,,,,,,,,,,,,,,,,,,,,
D:\code\vit-gpt2\bigdata\geoimage_data\geo_298.png,白云岩中的流体包裹体,,,,,,,,,,,,,,,,,,,,,,,,,,,,,,,,,,,,,,,,
D:\code\vit-gpt2\bigdata\geoimage_data\geo_1938.png,宏微观构造变形特征,,,,,,,,,,,,,,,,,,,,,,,,,,,,,,,,,,,,,,,,
D:\code\vit-gpt2\bigdata\geoimage_data\geo_1078.png,火口内缘基浪堆积的照片,,,,,,,,,,,,,,,,,,,,,,,,,,,,,,,,,,,,,,,,
D:\code\vit-gpt2\bigdata\geoimage_data\geo_1407.png,紫苏花岗岩的岩相结构特征,,,,,,,,,,,,,,,,,,,,,,,,,,,,,,,,,,,,,,,,
D:\code\vit-gpt2\bigdata\geoimage_data\geo_331.png,样品左和右锆石的阴极发光图像,,,,,,,,,,,,,,,,,,,,,,,,,,,,,,,,,,,,,,,,
D:\code\vit-gpt2\bigdata\geoimage_data\geo_1852.png,地貌的照片,,,,,,,,,,,,,,,,,,,,,,,,,,,,,,,,,,,,,,,,
D:\code\vit-gpt2\bigdata\geoimage_data\geo_1706.png,断层的照片,,,,,,,,,,,,,,,,,,,,,,,,,,,,,,,,,,,,,,,,
D:\code\vit-gpt2\bigdata\geoimage_data\geo_1161.png,花岗质岩石野外露头及显微照片,,,,,,,,,,,,,,,,,,,,,,,,,,,,,,,,,,,,,,,,
D:\code\vit-gpt2\bigdata\geoimage_data\geo_1907.png,水热活动的特征照片,,,,,,,,,,,,,,,,,,,,,,,,,,,,,,,,,,,,,,,,
D:\code\vit-gpt2\bigdata\geoimage_data\geo_572.png,地质剖面地层岩性显微特征,,,,,,,,,,,,,,,,,,,,,,,,,,,,,,,,,,,,,,,,
D:\code\vit-gpt2\bigdata\geoimage_data\geo_692.png,榴辉岩和蓝片岩中发育的脉体,,,,,,,,,,,,,,,,,,,,,,,,,,,,,,,,,,,,,,,,
D:\code\vit-gpt2\bigdata\geoimage_data\geo_115.png,重晶石中的簇状单液相包裹体,,,,,,,,,,,,,,,,,,,,,,,,,,,,,,,,,,,,,,,,
D:\code\vit-gpt2\bigdata\geoimage_data\geo_591.png,砂岩野外及显微镜下照片,,,,,,,,,,,,,,,,,,,,,,,,,,,,,,,,,,,,,,,,
D:\code\vit-gpt2\bigdata\geoimage_data\geo_1378.png,碎屑扫描电镜照片,,,,,,,,,,,,,,,,,,,,,,,,,,,,,,,,,,,,,,,,
D:\code\vit-gpt2\bigdata\geoimage_data\geo_212.png,地质特征照片,,,,,,,,,,,,,,,,,,,,,,,,,,,,,,,,,,,,,,,,
D:\code\vit-gpt2\bigdata\geoimage_data\geo_772.png,海域片麻岩岩石类型,,,,,,,,,,,,,,,,,,,,,,,,,,,,,,,,,,,,,,,,
D:\code\vit-gpt2\bigdata\geoimage_data\geo_1826.png,花岗岩的样品照片,,,,,,,,,,,,,,,,,,,,,,,,,,,,,,,,,,,,,,,,
D:\code\vit-gpt2\bigdata\geoimage_data\geo_1935.png,矿物共生组合及矿脉穿切关系照片,,,,,,,,,,,,,,,,,,,,,,,,,,,,,,,,,,,,,,,,
D:\code\vit-gpt2\bigdata\geoimage_data\geo_990.png,中基性杂岩野外特征及显微特征,,,,,,,,,,,,,,,,,,,,,,,,,,,,,,,,,,,,,,,,
D:\code\vit-gpt2\bigdata\geoimage_data\geo_886.png,变泥质岩矿物组合及剪切变形构造特征,,,,,,,,,,,,,,,,,,,,,,,,,,,,,,,,,,,,,,,,
D:\code\vit-gpt2\bigdata\geoimage_data\geo_1338.png,岩石矿石镜下照片,,,,,,,,,,,,,,,,,,,,,,,,,,,,,,,,,,,,,,,,
D:\code\vit-gpt2\bigdata\geoimage_data\geo_576.png,变质核杂岩典型显微变形特征,,,,,,,,,,,,,,,,,,,,,,,,,,,,,,,,,,,,,,,,
D:\code\vit-gpt2\bigdata\geoimage_data\geo_324.png,变质辉长岩的显微照片,,,,,,,,,,,,,,,,,,,,,,,,,,,,,,,,,,,,,,,,
D:\code\vit-gpt2\bigdata\geoimage_data\geo_173.png,巨厚流纹岩层照片,,,,,,,,,,,,,,,,,,,,,,,,,,,,,,,,,,,,,,,,
D:\code\vit-gpt2\bigdata\geoimage_data\geo_841.png,脉系手标本照片,,,,,,,,,,,,,,,,,,,,,,,,,,,,,,,,,,,,,,,,
D:\code\vit-gpt2\bigdata\geoimage_data\geo_416.png,花岗岩典型照片,,,,,,,,,,,,,,,,,,,,,,,,,,,,,,,,,,,,,,,,
D:\code\vit-gpt2\bigdata\geoimage_data\geo_1234.png,矿体的显微结构照片,,,,,,,,,,,,,,,,,,,,,,,,,,,,,,,,,,,,,,,,
D:\code\vit-gpt2\bigdata\geoimage_data\geo_1226.png,花岗岩和辉绿岩的显微镜下照片,,,,,,,,,,,,,,,,,,,,,,,,,,,,,,,,,,,,,,,,
D:\code\vit-gpt2\bigdata\geoimage_data\geo_1783.png,内脉带石英脉云英岩型矿化岩芯照片,,,,,,,,,,,,,,,,,,,,,,,,,,,,,,,,,,,,,,,,
D:\code\vit-gpt2\bigdata\geoimage_data\geo_733.png,含矿二长花岗斑岩显微照片,,,,,,,,,,,,,,,,,,,,,,,,,,,,,,,,,,,,,,,,
D:\code\vit-gpt2\bigdata\geoimage_data\geo_78.png,流体包裹体产状的显微照片,,,,,,,,,,,,,,,,,,,,,,,,,,,,,,,,,,,,,,,,
D:\code\vit-gpt2\bigdata\geoimage_data\geo_1831.png,黑石岗矿石及岩体样品及其显微镜照片,,,,,,,,,,,,,,,,,,,,,,,,,,,,,,,,,,,,,,,,
D:\code\vit-gpt2\bigdata\geoimage_data\geo_1271.png,混杂带野外露头照片,,,,,,,,,,,,,,,,,,,,,,,,,,,,,,,,,,,,,,,,
D:\code\vit-gpt2\bigdata\geoimage_data\geo_32.png,麻粒岩捕虏体的结构特征,,,,,,,,,,,,,,,,,,,,,,,,,,,,,,,,,,,,,,,,
D:\code\vit-gpt2\bigdata\geoimage_data\geo_922.png,岩和闪长岩野外和显微照片,,,,,,,,,,,,,,,,,,,,,,,,,,,,,,,,,,,,,,,,
D:\code\vit-gpt2\bigdata\geoimage_data\geo_233.png,程潮铁矿典型的矽卡岩矿物,,,,,,,,,,,,,,,,,,,,,,,,,,,,,,,,,,,,,,,,
D:\code\vit-gpt2\bigdata\geoimage_data\geo_1220.png,组砂岩和砂岩镜下照片,,,,,,,,,,,,,,,,,,,,,,,,,,,,,,,,,,,,,,,,
D:\code\vit-gpt2\bigdata\geoimage_data\geo_1052.png,花岗岩的野外露头及镜下照片,,,,,,,,,,,,,,,,,,,,,,,,,,,,,,,,,,,,,,,,
D:\code\vit-gpt2\bigdata\geoimage_data\geo_124.png,矿石构造的照片,,,,,,,,,,,,,,,,,,,,,,,,,,,,,,,,,,,,,,,,
D:\code\vit-gpt2\bigdata\geoimage_data\geo_720.png,辉绿岩的镜下特征,,,,,,,,,,,,,,,,,,,,,,,,,,,,,,,,,,,,,,,,
D:\code\vit-gpt2\bigdata\geoimage_data\geo_344.png,岩墙和围岩的显微照片,,,,,,,,,,,,,,,,,,,,,,,,,,,,,,,,,,,,,,,,
D:\code\vit-gpt2\bigdata\geoimage_data\geo_163.png,地质的照片,,,,,,,,,,,,,,,,,,,,,,,,,,,,,,,,,,,,,,,,
D:\code\vit-gpt2\bigdata\geoimage_data\geo_203.png,岩石组构及矿物组成特征,,,,,,,,,,,,,,,,,,,,,,,,,,,,,,,,,,,,,,,,
D:\code\vit-gpt2\bigdata\geoimage_data\geo_1777.png,绿泥石矿物镜下及光谱特征曲线图,,,,,,,,,,,,,,,,,,,,,,,,,,,,,,,,,,,,,,,,
D:\code\vit-gpt2\bigdata\geoimage_data\geo_679.png,野外矿化变形特征,,,,,,,,,,,,,,,,,,,,,,,,,,,,,,,,,,,,,,,,
D:\code\vit-gpt2\bigdata\geoimage_data\geo_1281.png,剪切变形的照片,,,,,,,,,,,,,,,,,,,,,,,,,,,,,,,,,,,,,,,,
D:\code\vit-gpt2\bigdata\geoimage_data\geo_631.png,硅化灰岩蚀变围岩和矿石岩相学对比,,,,,,,,,,,,,,,,,,,,,,,,,,,,,,,,,,,,,,,,
D:\code\vit-gpt2\bigdata\geoimage_data\geo_49.png,表性岩浆的锆石背散射电子,,,,,,,,,,,,,,,,,,,,,,,,,,,,,,,,,,,,,,,,
D:\code\vit-gpt2\bigdata\geoimage_data\geo_450.png,黑云母花岗岩中的金红石背散射电子图像,,,,,,,,,,,,,,,,,,,,,,,,,,,,,,,,,,,,,,,,
D:\code\vit-gpt2\bigdata\geoimage_data\geo_342.png,群之间的角度不整合,,,,,,,,,,,,,,,,,,,,,,,,,,,,,,,,,,,,,,,,
D:\code\vit-gpt2\bigdata\geoimage_data\geo_366.png,部分侵入体岩石显微照片,,,,,,,,,,,,,,,,,,,,,,,,,,,,,,,,,,,,,,,,
D:\code\vit-gpt2\bigdata\geoimage_data\geo_1922.png,滑移带内元素强度分布图,,,,,,,,,,,,,,,,,,,,,,,,,,,,,,,,,,,,,,,,
D:\code\vit-gpt2\bigdata\geoimage_data\geo_1618.png,沉积岩野外及显微照片,,,,,,,,,,,,,,,,,,,,,,,,,,,,,,,,,,,,,,,,
D:\code\vit-gpt2\bigdata\geoimage_data\geo_809.png,典型蚀变矿化显微照片,,,,,,,,,,,,,,,,,,,,,,,,,,,,,,,,,,,,,,,,
D:\code\vit-gpt2\bigdata\geoimage_data\geo_1102.png,矽卡岩和矿石的显微照片,,,,,,,,,,,,,,,,,,,,,,,,,,,,,,,,,,,,,,,,
D:\code\vit-gpt2\bigdata\geoimage_data\geo_1713.png,表性矿物显微照片,,,,,,,,,,,,,,,,,,,,,,,,,,,,,,,,,,,,,,,,
D:\code\vit-gpt2\bigdata\geoimage_data\geo_1481.png,玄武岩的野外剖面,,,,,,,,,,,,,,,,,,,,,,,,,,,,,,,,,,,,,,,,
D:\code\vit-gpt2\bigdata\geoimage_data\geo_993.png,锆石阴极发光图像,,,,,,,,,,,,,,,,,,,,,,,,,,,,,,,,,,,,,,,,
D:\code\vit-gpt2\bigdata\geoimage_data\geo_350.png,岩样品中锆石的阴极发光图像,,,,,,,,,,,,,,,,,,,,,,,,,,,,,,,,,,,,,,,,
D:\code\vit-gpt2\bigdata\geoimage_data\geo_1341.png,岩石的手标本及镜下照片,,,,,,,,,,,,,,,,,,,,,,,,,,,,,,,,,,,,,,,,
D:\code\vit-gpt2\bigdata\geoimage_data\geo_218.png,橄榄石变形后试件的扫描电镜,,,,,,,,,,,,,,,,,,,,,,,,,,,,,,,,,,,,,,,,
D:\code\vit-gpt2\bigdata\geoimage_data\geo_1362.png,砂岩胶结物镜下特征,,,,,,,,,,,,,,,,,,,,,,,,,,,,,,,,,,,,,,,,
D:\code\vit-gpt2\bigdata\geoimage_data\geo_1887.png,岩体样品显微照片,,,,,,,,,,,,,,,,,,,,,,,,,,,,,,,,,,,,,,,,
D:\code\vit-gpt2\bigdata\geoimage_data\geo_806.png,矿石显微特征,,,,,,,,,,,,,,,,,,,,,,,,,,,,,,,,,,,,,,,,
D:\code\vit-gpt2\bigdata\geoimage_data\geo_433.png,脉系的照片,,,,,,,,,,,,,,,,,,,,,,,,,,,,,,,,,,,,,,,,
D:\code\vit-gpt2\bigdata\geoimage_data\geo_582.png,韧性剪切带宏观变形特征,,,,,,,,,,,,,,,,,,,,,,,,,,,,,,,,,,,,,,,,
D:\code\vit-gpt2\bigdata\geoimage_data\geo_1230.png,样品的元素面扫描图像,,,,,,,,,,,,,,,,,,,,,,,,,,,,,,,,,,,,,,,,
D:\code\vit-gpt2\bigdata\geoimage_data\geo_916.png,岩组变质岩的正交偏光镜下特征,,,,,,,,,,,,,,,,,,,,,,,,,,,,,,,,,,,,,,,,
D:\code\vit-gpt2\bigdata\geoimage_data\geo_674.png,榴辉岩帘石族矿物的图像,,,,,,,,,,,,,,,,,,,,,,,,,,,,,,,,,,,,,,,,
D:\code\vit-gpt2\bigdata\geoimage_data\geo_59.png,钾长花岗岩的构造环境,,,,,,,,,,,,,,,,,,,,,,,,,,,,,,,,,,,,,,,,
D:\code\vit-gpt2\bigdata\geoimage_data\geo_471.png,周庵岩体辉长岩锆石阴极发光图像,,,,,,,,,,,,,,,,,,,,,,,,,,,,,,,,,,,,,,,,
D:\code\vit-gpt2\bigdata\geoimage_data\geo_1876.png,地面的雁列式裂缝,,,,,,,,,,,,,,,,,,,,,,,,,,,,,,,,,,,,,,,,
D:\code\vit-gpt2\bigdata\geoimage_data\geo_73.png,岩石野外的照片,,,,,,,,,,,,,,,,,,,,,,,,,,,,,,,,,,,,,,,,
D:\code\vit-gpt2\bigdata\geoimage_data\geo_162.png,爆破式喷发产物的照片,,,,,,,,,,,,,,,,,,,,,,,,,,,,,,,,,,,,,,,,
D:\code\vit-gpt2\bigdata\geoimage_data\geo_303.png,样品的野外照片,,,,,,,,,,,,,,,,,,,,,,,,,,,,,,,,,,,,,,,,
D:\code\vit-gpt2\bigdata\geoimage_data\geo_527.png,鱼牙骨沸石和微结核显微镜下照片和图像,,,,,,,,,,,,,,,,,,,,,,,,,,,,,,,,,,,,,,,,
D:\code\vit-gpt2\bigdata\geoimage_data\geo_1521.png,典型流体包裹体特征,,,,,,,,,,,,,,,,,,,,,,,,,,,,,,,,,,,,,,,,
D:\code\vit-gpt2\bigdata\geoimage_data\geo_1523.png,矽卡岩型白钨矿矿石特征,,,,,,,,,,,,,,,,,,,,,,,,,,,,,,,,,,,,,,,,
D:\code\vit-gpt2\bigdata\geoimage_data\geo_1708.png,断裂岩扫描电镜下显微构造特征,,,,,,,,,,,,,,,,,,,,,,,,,,,,,,,,,,,,,,,,
D:\code\vit-gpt2\bigdata\geoimage_data\geo_289.png,角闪辉长岩和花岗岩锆石阴极发光图像,,,,,,,,,,,,,,,,,,,,,,,,,,,,,,,,,,,,,,,,
D:\code\vit-gpt2\bigdata\geoimage_data\geo_45.png,岩中部分的锆石阴极发光图像,,,,,,,,,,,,,,,,,,,,,,,,,,,,,,,,,,,,,,,,
D:\code\vit-gpt2\bigdata\geoimage_data\geo_909.png,中金异常带被酸性铀矿体截断,,,,,,,,,,,,,,,,,,,,,,,,,,,,,,,,,,,,,,,,
D:\code\vit-gpt2\bigdata\geoimage_data\geo_1262.png,伟晶岩中的矿物显微图片,,,,,,,,,,,,,,,,,,,,,,,,,,,,,,,,,,,,,,,,
D:\code\vit-gpt2\bigdata\geoimage_data\geo_519.png,石榴基性麻粒岩的结构背散射电子图像,,,,,,,,,,,,,,,,,,,,,,,,,,,,,,,,,,,,,,,,
D:\code\vit-gpt2\bigdata\geoimage_data\geo_76.png,长片麻岩的锆石图像,,,,,,,,,,,,,,,,,,,,,,,,,,,,,,,,,,,,,,,,
D:\code\vit-gpt2\bigdata\geoimage_data\geo_1873.png,角砾岩的手标本和单偏光显微镜下照片,,,,,,,,,,,,,,,,,,,,,,,,,,,,,,,,,,,,,,,,
D:\code\vit-gpt2\bigdata\geoimage_data\geo_1727.png,岩体的正交偏光镜下照片,,,,,,,,,,,,,,,,,,,,,,,,,,,,,,,,,,,,,,,,
D:\code\vit-gpt2\bigdata\geoimage_data\geo_478.png,沉积岩的野外露头及镜下照片,,,,,,,,,,,,,,,,,,,,,,,,,,,,,,,,,,,,,,,,
D:\code\vit-gpt2\bigdata\geoimage_data\geo_744.png,杂岩锆石阴极发光图,,,,,,,,,,,,,,,,,,,,,,,,,,,,,,,,,,,,,,,,
D:\code\vit-gpt2\bigdata\geoimage_data\geo_1723.png,野外露头照片,,,,,,,,,,,,,,,,,,,,,,,,,,,,,,,,,,,,,,,,
D:\code\vit-gpt2\bigdata\geoimage_data\geo_752.png,矿化特征,,,,,,,,,,,,,,,,,,,,,,,,,,,,,,,,,,,,,,,,
D:\code\vit-gpt2\bigdata\geoimage_data\geo_781.png,砂岩压实作用的镜下特征,,,,,,,,,,,,,,,,,,,,,,,,,,,,,,,,,,,,,,,,
D:\code\vit-gpt2\bigdata\geoimage_data\geo_30.png,玄武岩的显微照片,,,,,,,,,,,,,,,,,,,,,,,,,,,,,,,,,,,,,,,,
D:\code\vit-gpt2\bigdata\geoimage_data\geo_1739.png,岩锆石阴极发光图像,,,,,,,,,,,,,,,,,,,,,,,,,,,,,,,,,,,,,,,,
D:\code\vit-gpt2\bigdata\geoimage_data\geo_1675.png,变质岩的野外产出特征,,,,,,,,,,,,,,,,,,,,,,,,,,,,,,,,,,,,,,,,
D:\code\vit-gpt2\bigdata\geoimage_data\geo_813.png,岩浆岩野外地质照片,,,,,,,,,,,,,,,,,,,,,,,,,,,,,,,,,,,,,,,,
D:\code\vit-gpt2\bigdata\geoimage_data\geo_1813.png,野外构造变形特征,,,,,,,,,,,,,,,,,,,,,,,,,,,,,,,,,,,,,,,,
D:\code\vit-gpt2\bigdata\geoimage_data\geo_486.png,坳剪切带的宏观构造,,,,,,,,,,,,,,,,,,,,,,,,,,,,,,,,,,,,,,,,
D:\code\vit-gpt2\bigdata\geoimage_data\geo_650.png,墨脱辉长岩的显微镜下照片,,,,,,,,,,,,,,,,,,,,,,,,,,,,,,,,,,,,,,,,
D:\code\vit-gpt2\bigdata\geoimage_data\geo_1517.png,周缘构造位置,,,,,,,,,,,,,,,,,,,,,,,,,,,,,,,,,,,,,,,,
D:\code\vit-gpt2\bigdata\geoimage_data\geo_1654.png,岩体中煌斑岩野外地质照片及镜下照片,,,,,,,,,,,,,,,,,,,,,,,,,,,,,,,,,,,,,,,,
D:\code\vit-gpt2\bigdata\geoimage_data\geo_514.png,杂岩野外地质特征,,,,,,,,,,,,,,,,,,,,,,,,,,,,,,,,,,,,,,,,
D:\code\vit-gpt2\bigdata\geoimage_data\geo_1540.png,岩体锆石阴极发光图像及独居石反射光图像,,,,,,,,,,,,,,,,,,,,,,,,,,,,,,,,,,,,,,,,
D:\code\vit-gpt2\bigdata\geoimage_data\geo_44.png,表性锆石阴极发光图像,,,,,,,,,,,,,,,,,,,,,,,,,,,,,,,,,,,,,,,,
D:\code\vit-gpt2\bigdata\geoimage_data\geo_414.png,高压泥质麻粒岩中石榴石变斑晶光成分扫描图,,,,,,,,,,,,,,,,,,,,,,,,,,,,,,,,,,,,,,,,
D:\code\vit-gpt2\bigdata\geoimage_data\geo_168.png,碎屑颗粒的照片,,,,,,,,,,,,,,,,,,,,,,,,,,,,,,,,,,,,,,,,
D:\code\vit-gpt2\bigdata\geoimage_data\geo_297.png,白云岩的主要类型,,,,,,,,,,,,,,,,,,,,,,,,,,,,,,,,,,,,,,,,
D:\code\vit-gpt2\bigdata\geoimage_data\geo_1022.png,花岗岩的锆石阴极发光图像,,,,,,,,,,,,,,,,,,,,,,,,,,,,,,,,,,,,,,,,
D:\code\vit-gpt2\bigdata\geoimage_data\geo_1881.png,含榴黑云母钾长片麻岩含榴云母,,,,,,,,,,,,,,,,,,,,,,,,,,,,,,,,,,,,,,,,
D:\code\vit-gpt2\bigdata\geoimage_data\geo_1531.png,云英岩石英中流体包裹体,,,,,,,,,,,,,,,,,,,,,,,,,,,,,,,,,,,,,,,,
D:\code\vit-gpt2\bigdata\geoimage_data\geo_1731.png,表性独居石背散射照片,,,,,,,,,,,,,,,,,,,,,,,,,,,,,,,,,,,,,,,,
D:\code\vit-gpt2\bigdata\geoimage_data\geo_1251.png,细晶岩中云母的背散射电子图像,,,,,,,,,,,,,,,,,,,,,,,,,,,,,,,,,,,,,,,,
D:\code\vit-gpt2\bigdata\geoimage_data\geo_888.png,产出的铀矿物,,,,,,,,,,,,,,,,,,,,,,,,,,,,,,,,,,,,,,,,
D:\code\vit-gpt2\bigdata\geoimage_data\geo_554.png,矿石矿相学特征,,,,,,,,,,,,,,,,,,,,,,,,,,,,,,,,,,,,,,,,
D:\code\vit-gpt2\bigdata\geoimage_data\geo_602.png,脉岩的照片,,,,,,,,,,,,,,,,,,,,,,,,,,,,,,,,,,,,,,,,
D:\code\vit-gpt2\bigdata\geoimage_data\geo_306.png,麻粒岩和花岗质脉体的野外照片,,,,,,,,,,,,,,,,,,,,,,,,,,,,,,,,,,,,,,,,
D:\code\vit-gpt2\bigdata\geoimage_data\geo_367.png,部分侵入岩体矿物蚀变显微照片,,,,,,,,,,,,,,,,,,,,,,,,,,,,,,,,,,,,,,,,
D:\code\vit-gpt2\bigdata\geoimage_data\geo_1050.png,地层叠置关系及中段铅锌矿化特征,,,,,,,,,,,,,,,,,,,,,,,,,,,,,,,,,,,,,,,,
D:\code\vit-gpt2\bigdata\geoimage_data\geo_185.png,沉积特征的照片,,,,,,,,,,,,,,,,,,,,,,,,,,,,,,,,,,,,,,,,
D:\code\vit-gpt2\bigdata\geoimage_data\geo_607.png,黑云母片岩的锆石阴极发光图,,,,,,,,,,,,,,,,,,,,,,,,,,,,,,,,,,,,,,,,
D:\code\vit-gpt2\bigdata\geoimage_data\geo_1176.png,铝土矿主要矿物形貌特征及赋存形态的图像,,,,,,,,,,,,,,,,,,,,,,,,,,,,,,,,,,,,,,,,
D:\code\vit-gpt2\bigdata\geoimage_data\geo_921.png,动物群的对比图,,,,,,,,,,,,,,,,,,,,,,,,,,,,,,,,,,,,,,,,
D:\code\vit-gpt2\bigdata\geoimage_data\geo_482.png,表性阴极发光图像,,,,,,,,,,,,,,,,,,,,,,,,,,,,,,,,,,,,,,,,
D:\code\vit-gpt2\bigdata\geoimage_data\geo_1892.png,蛇绿岩和花岗岩显微结构照片,,,,,,,,,,,,,,,,,,,,,,,,,,,,,,,,,,,,,,,,
D:\code\vit-gpt2\bigdata\geoimage_data\geo_1421.png,辉长辉绿岩脉群岩相学特征,,,,,,,,,,,,,,,,,,,,,,,,,,,,,,,,,,,,,,,,
D:\code\vit-gpt2\bigdata\geoimage_data\geo_1567.png,缘流纹岩的野外露头和镜下照片,,,,,,,,,,,,,,,,,,,,,,,,,,,,,,,,,,,,,,,,
D:\code\vit-gpt2\bigdata\geoimage_data\geo_905.png,铀矿化与多金属矿化关系照片,,,,,,,,,,,,,,,,,,,,,,,,,,,,,,,,,,,,,,,,
D:\code\vit-gpt2\bigdata\geoimage_data\geo_1889.png,岩芯样品的典型镜下照片,,,,,,,,,,,,,,,,,,,,,,,,,,,,,,,,,,,,,,,,
D:\code\vit-gpt2\bigdata\geoimage_data\geo_1333.png,杂岩两期构造变形宏观特征及构造置换,,,,,,,,,,,,,,,,,,,,,,,,,,,,,,,,,,,,,,,,
D:\code\vit-gpt2\bigdata\geoimage_data\geo_1399.png,石英的阴极发光图,,,,,,,,,,,,,,,,,,,,,,,,,,,,,,,,,,,,,,,,
D:\code\vit-gpt2\bigdata\geoimage_data\geo_483.png,岩石的照片,,,,,,,,,,,,,,,,,,,,,,,,,,,,,,,,,,,,,,,,
D:\code\vit-gpt2\bigdata\geoimage_data\geo_439.png,曲开隆洼金矿照片,,,,,,,,,,,,,,,,,,,,,,,,,,,,,,,,,,,,,,,,
D:\code\vit-gpt2\bigdata\geoimage_data\geo_1778.png,表性矿石手标本及微观地质特征照片,,,,,,,,,,,,,,,,,,,,,,,,,,,,,,,,,,,,,,,,
D:\code\vit-gpt2\bigdata\geoimage_data\geo_123.png,标本及显微照片,,,,,,,,,,,,,,,,,,,,,,,,,,,,,,,,,,,,,,,,
D:\code\vit-gpt2\bigdata\geoimage_data\geo_1944.png,黄铁矿的形态及分布特征,,,,,,,,,,,,,,,,,,,,,,,,,,,,,,,,,,,,,,,,
D:\code\vit-gpt2\bigdata\geoimage_data\geo_361.png,典型矿石手标本和镜下照片,,,,,,,,,,,,,,,,,,,,,,,,,,,,,,,,,,,,,,,,
D:\code\vit-gpt2\bigdata\geoimage_data\geo_1884.png,岩体中电气石显微照片和照片,,,,,,,,,,,,,,,,,,,,,,,,,,,,,,,,,,,,,,,,
D:\code\vit-gpt2\bigdata\geoimage_data\geo_1357.png,露头的滑脱变形构造,,,,,,,,,,,,,,,,,,,,,,,,,,,,,,,,,,,,,,,,
D:\code\vit-gpt2\bigdata\geoimage_data\geo_1580.png,表性岩心显微照片,,,,,,,,,,,,,,,,,,,,,,,,,,,,,,,,,,,,,,,,
D:\code\vit-gpt2\bigdata\geoimage_data\geo_1047.png,显微照片和扫描电镜图像,,,,,,,,,,,,,,,,,,,,,,,,,,,,,,,,,,,,,,,,
D:\code\vit-gpt2\bigdata\geoimage_data\geo_1009.png,子韧性剪切带野外照片,,,,,,,,,,,,,,,,,,,,,,,,,,,,,,,,,,,,,,,,
D:\code\vit-gpt2\bigdata\geoimage_data\geo_194.png,锆石的阴极发光图像,,,,,,,,,,,,,,,,,,,,,,,,,,,,,,,,,,,,,,,,
D:\code\vit-gpt2\bigdata\geoimage_data\geo_485.png,富闪深成岩壳幔岩浆混合成因的证据,,,,,,,,,,,,,,,,,,,,,,,,,,,,,,,,,,,,,,,,
D:\code\vit-gpt2\bigdata\geoimage_data\geo_706.png,石榴石变斑晶光成分扫描图,,,,,,,,,,,,,,,,,,,,,,,,,,,,,,,,,,,,,,,,
D:\code\vit-gpt2\bigdata\geoimage_data\geo_1792.png,样品中典型碎屑锆石的阴极发光图像,,,,,,,,,,,,,,,,,,,,,,,,,,,,,,,,,,,,,,,,
D:\code\vit-gpt2\bigdata\geoimage_data\geo_322.png,变质辉长岩的岩相学照片,,,,,,,,,,,,,,,,,,,,,,,,,,,,,,,,,,,,,,,,
D:\code\vit-gpt2\bigdata\geoimage_data\geo_1169.png,铝粘土矿主要矿物扫描电镜,,,,,,,,,,,,,,,,,,,,,,,,,,,,,,,,,,,,,,,,
D:\code\vit-gpt2\bigdata\geoimage_data\geo_266.png,岩体岩石学特征,,,,,,,,,,,,,,,,,,,,,,,,,,,,,,,,,,,,,,,,
D:\code\vit-gpt2\bigdata\geoimage_data\geo_464.png,分析样品显微照片,,,,,,,,,,,,,,,,,,,,,,,,,,,,,,,,,,,,,,,,
D:\code\vit-gpt2\bigdata\geoimage_data\geo_67.png,白云岩的阴极发光照片,,,,,,,,,,,,,,,,,,,,,,,,,,,,,,,,,,,,,,,,
D:\code\vit-gpt2\bigdata\geoimage_data\geo_1501.png,花岗闪长岩和二长花岗斑岩手标本及显微镜下特征,,,,,,,,,,,,,,,,,,,,,,,,,,,,,,,,,,,,,,,,
D:\code\vit-gpt2\bigdata\geoimage_data\geo_1606.png,伟晶岩脉剖面素描图,,,,,,,,,,,,,,,,,,,,,,,,,,,,,,,,,,,,,,,,
D:\code\vit-gpt2\bigdata\geoimage_data\geo_1555.png,花岗岩手标本及云母镜下照片,,,,,,,,,,,,,,,,,,,,,,,,,,,,,,,,,,,,,,,,
D:\code\vit-gpt2\bigdata\geoimage_data\geo_1138.png,野外宏观构造特征,,,,,,,,,,,,,,,,,,,,,,,,,,,,,,,,,,,,,,,,
D:\code\vit-gpt2\bigdata\geoimage_data\geo_432.png,高级泥化蚀变照片,,,,,,,,,,,,,,,,,,,,,,,,,,,,,,,,,,,,,,,,
D:\code\vit-gpt2\bigdata\geoimage_data\geo_1379.png,花岗斑岩脉和白云母花岗斑岩脉的特征,,,,,,,,,,,,,,,,,,,,,,,,,,,,,,,,,,,,,,,,
D:\code\vit-gpt2\bigdata\geoimage_data\geo_411.png,云质亮晶砂屑灰岩龙井染色片拼版照片,,,,,,,,,,,,,,,,,,,,,,,,,,,,,,,,,,,,,,,,
D:\code\vit-gpt2\bigdata\geoimage_data\geo_1467.png,闪长岩的锆石图像,,,,,,,,,,,,,,,,,,,,,,,,,,,,,,,,,,,,,,,,
D:\code\vit-gpt2\bigdata\geoimage_data\geo_843.png,角闪石结构的显微照片,,,,,,,,,,,,,,,,,,,,,,,,,,,,,,,,,,,,,,,,
D:\code\vit-gpt2\bigdata\geoimage_data\geo_1244.png,变质杂岩带斜长角闪岩野外和镜下照片,,,,,,,,,,,,,,,,,,,,,,,,,,,,,,,,,,,,,,,,
D:\code\vit-gpt2\bigdata\geoimage_data\geo_1600.png,流纹岩与闪长岩显微镜下照片,,,,,,,,,,,,,,,,,,,,,,,,,,,,,,,,,,,,,,,,
D:\code\vit-gpt2\bigdata\geoimage_data\geo_722.png,各类型岩石的镜下特征,,,,,,,,,,,,,,,,,,,,,,,,,,,,,,,,,,,,,,,,
D:\code\vit-gpt2\bigdata\geoimage_data\geo_394.png,康金拉方辉橄榄岩,,,,,,,,,,,,,,,,,,,,,,,,,,,,,,,,,,,,,,,,
D:\code\vit-gpt2\bigdata\geoimage_data\geo_479.png,表性锆石的图像,,,,,,,,,,,,,,,,,,,,,,,,,,,,,,,,,,,,,,,,
D:\code\vit-gpt2\bigdata\geoimage_data\geo_1498.png,稀土元素富集相及相关矿物的背散射图像,,,,,,,,,,,,,,,,,,,,,,,,,,,,,,,,,,,,,,,,
D:\code\vit-gpt2\bigdata\geoimage_data\geo_1546.png,样品切片横截面的透射电镜和分析,,,,,,,,,,,,,,,,,,,,,,,,,,,,,,,,,,,,,,,,
D:\code\vit-gpt2\bigdata\geoimage_data\geo_1624.png,表性手标本及显微照片,,,,,,,,,,,,,,,,,,,,,,,,,,,,,,,,,,,,,,,,
D:\code\vit-gpt2\bigdata\geoimage_data\geo_1662.png,红化蚀变带蚀变长石及显微照片,,,,,,,,,,,,,,,,,,,,,,,,,,,,,,,,,,,,,,,,
D:\code\vit-gpt2\bigdata\geoimage_data\geo_480.png,表性锆石的图像年龄及,,,,,,,,,,,,,,,,,,,,,,,,,,,,,,,,,,,,,,,,
D:\code\vit-gpt2\bigdata\geoimage_data\geo_677.png,变形花岗岩脉,,,,,,,,,,,,,,,,,,,,,,,,,,,,,,,,,,,,,,,,
D:\code\vit-gpt2\bigdata\geoimage_data\geo_1449.png,熔岩台地野外照片,,,,,,,,,,,,,,,,,,,,,,,,,,,,,,,,,,,,,,,,
D:\code\vit-gpt2\bigdata\geoimage_data\geo_619.png,标本的照片,,,,,,,,,,,,,,,,,,,,,,,,,,,,,,,,,,,,,,,,
D:\code\vit-gpt2\bigdata\geoimage_data\geo_1393.png,凝灰岩的锆石阴极发光图像,,,,,,,,,,,,,,,,,,,,,,,,,,,,,,,,,,,,,,,,
D:\code\vit-gpt2\bigdata\geoimage_data\geo_261.png,岩石显微照片,,,,,,,,,,,,,,,,,,,,,,,,,,,,,,,,,,,,,,,,
D:\code\vit-gpt2\bigdata\geoimage_data\geo_1037.png,石榴角闪岩与围岩的特征,,,,,,,,,,,,,,,,,,,,,,,,,,,,,,,,,,,,,,,,
D:\code\vit-gpt2\bigdata\geoimage_data\geo_240.png,表性岩墙的露头照片,,,,,,,,,,,,,,,,,,,,,,,,,,,,,,,,,,,,,,,,
D:\code\vit-gpt2\bigdata\geoimage_data\geo_900.png,沥青铀矿图像,,,,,,,,,,,,,,,,,,,,,,,,,,,,,,,,,,,,,,,,
D:\code\vit-gpt2\bigdata\geoimage_data\geo_787.png,储层主要特征,,,,,,,,,,,,,,,,,,,,,,,,,,,,,,,,,,,,,,,,
D:\code\vit-gpt2\bigdata\geoimage_data\geo_1223.png,岩体的锆石阴极发光图像,,,,,,,,,,,,,,,,,,,,,,,,,,,,,,,,,,,,,,,,
D:\code\vit-gpt2\bigdata\geoimage_data\geo_1061.png,花岗质岩体野外特征及镜下照片,,,,,,,,,,,,,,,,,,,,,,,,,,,,,,,,,,,,,,,,
D:\code\vit-gpt2\bigdata\geoimage_data\geo_812.png,矿石组构,,,,,,,,,,,,,,,,,,,,,,,,,,,,,,,,,,,,,,,,
D:\code\vit-gpt2\bigdata\geoimage_data\geo_365.png,矿石类型和主要矿物组合,,,,,,,,,,,,,,,,,,,,,,,,,,,,,,,,,,,,,,,,
D:\code\vit-gpt2\bigdata\geoimage_data\geo_1240.png,花岗片麻岩的显微照片,,,,,,,,,,,,,,,,,,,,,,,,,,,,,,,,,,,,,,,,
D:\code\vit-gpt2\bigdata\geoimage_data\geo_1427.png,锰矿体的矿石图像,,,,,,,,,,,,,,,,,,,,,,,,,,,,,,,,,,,,,,,,
D:\code\vit-gpt2\bigdata\geoimage_data\geo_1041.png,伸展褶劈理的显微照片,,,,,,,,,,,,,,,,,,,,,,,,,,,,,,,,,,,,,,,,
D:\code\vit-gpt2\bigdata\geoimage_data\geo_701.png,石榴石十字石蓝晶石白云母片岩显微照片,,,,,,,,,,,,,,,,,,,,,,,,,,,,,,,,,,,,,,,,
D:\code\vit-gpt2\bigdata\geoimage_data\geo_453.png,二维地震剖面,,,,,,,,,,,,,,,,,,,,,,,,,,,,,,,,,,,,,,,,
D:\code\vit-gpt2\bigdata\geoimage_data\geo_552.png,矿石的手标本及镜下特征,,,,,,,,,,,,,,,,,,,,,,,,,,,,,,,,,,,,,,,,
D:\code\vit-gpt2\bigdata\geoimage_data\geo_71.png,岩石露头的照片,,,,,,,,,,,,,,,,,,,,,,,,,,,,,,,,,,,,,,,,
D:\code\vit-gpt2\bigdata\geoimage_data\geo_548.png,花岗岩脉显微构造特征,,,,,,,,,,,,,,,,,,,,,,,,,,,,,,,,,,,,,,,,
D:\code\vit-gpt2\bigdata\geoimage_data\geo_259.png,钾钠质流纹岩的显微照片,,,,,,,,,,,,,,,,,,,,,,,,,,,,,,,,,,,,,,,,
D:\code\vit-gpt2\bigdata\geoimage_data\geo_51.png,二叠纪玄武岩的显微照片,,,,,,,,,,,,,,,,,,,,,,,,,,,,,,,,,,,,,,,,
D:\code\vit-gpt2\bigdata\geoimage_data\geo_532.png,古生物组合及生物亲缘性对比,,,,,,,,,,,,,,,,,,,,,,,,,,,,,,,,,,,,,,,,
D:\code\vit-gpt2\bigdata\geoimage_data\geo_1252.png,花岗岩的野外特征,,,,,,,,,,,,,,,,,,,,,,,,,,,,,,,,,,,,,,,,
D:\code\vit-gpt2\bigdata\geoimage_data\geo_617.png,正长岩中锆石的阴极发光图像,,,,,,,,,,,,,,,,,,,,,,,,,,,,,,,,,,,,,,,,
D:\code\vit-gpt2\bigdata\geoimage_data\geo_332.png,杂岩的花岗岩中可见麻粒岩,,,,,,,,,,,,,,,,,,,,,,,,,,,,,,,,,,,,,,,,
D:\code\vit-gpt2\bigdata\geoimage_data\geo_1630.png,镜下特征,,,,,,,,,,,,,,,,,,,,,,,,,,,,,,,,,,,,,,,,
D:\code\vit-gpt2\bigdata\geoimage_data\geo_1525.png,花岗岩野外露头和显微照片,,,,,,,,,,,,,,,,,,,,,,,,,,,,,,,,,,,,,,,,
D:\code\vit-gpt2\bigdata\geoimage_data\geo_1936.png,表性锆石阴极发光图像,,,,,,,,,,,,,,,,,,,,,,,,,,,,,,,,,,,,,,,,
D:\code\vit-gpt2\bigdata\geoimage_data\geo_429.png,热液角砾岩标本照片,,,,,,,,,,,,,,,,,,,,,,,,,,,,,,,,,,,,,,,,
D:\code\vit-gpt2\bigdata\geoimage_data\geo_904.png,深部多金属矿化地质特征照片,,,,,,,,,,,,,,,,,,,,,,,,,,,,,,,,,,,,,,,,
D:\code\vit-gpt2\bigdata\geoimage_data\geo_1692.png,正断层地貌现象,,,,,,,,,,,,,,,,,,,,,,,,,,,,,,,,,,,,,,,,
